Node,Label
1,b'7Networks_LH_Vis_1'
2,b'7Networks_LH_Vis_2'
3,b'7Networks_LH_Vis_3'
4,b'7Networks_LH_Vis_4'
5,b'7Networks_LH_Vis_5'
6,b'7Networks_LH_Vis_6'
7,b'7Networks_LH_Vis_7'
8,b'7Networks_LH_Vis_8'
9,b'7Networks_LH_Vis_9'
10,b'7Networks_LH_Vis_10'
11,b'7Networks_LH_Vis_11'
12,b'7Networks_LH_Vis_12'
13,b'7Networks_LH_Vis_13'
14,b'7Networks_LH_Vis_14'
15,b'7Networks_LH_Vis_15'
16,b'7Networks_LH_Vis_16'
17,b'7Networks_LH_Vis_17'
18,b'7Networks_LH_Vis_18'
19,b'7Networks_LH_Vis_19'
20,b'7Networks_LH_Vis_20'
21,b'7Networks_LH_Vis_21'
22,b'7Networks_LH_Vis_22'
23,b'7Networks_LH_Vis_23'
24,b'7Networks_LH_Vis_24'
25,b'7Networks_LH_Vis_25'
26,b'7Networks_LH_Vis_26'
27,b'7Networks_LH_Vis_27'
28,b'7Networks_LH_Vis_28'
29,b'7Networks_LH_Vis_29'
30,b'7Networks_LH_Vis_30'
31,b'7Networks_LH_Vis_31'
32,b'7Networks_LH_Vis_32'
33,b'7Networks_LH_Vis_33'
34,b'7Networks_LH_Vis_34'
35,b'7Networks_LH_Vis_35'
36,b'7Networks_LH_Vis_36'
37,b'7Networks_LH_Vis_37'
38,b'7Networks_LH_Vis_38'
39,b'7Networks_LH_Vis_39'
40,b'7Networks_LH_Vis_40'
41,b'7Networks_LH_Vis_41'
42,b'7Networks_LH_Vis_42'
43,b'7Networks_LH_Vis_43'
44,b'7Networks_LH_Vis_44'
45,b'7Networks_LH_Vis_45'
46,b'7Networks_LH_SomMot_1'
47,b'7Networks_LH_SomMot_2'
48,b'7Networks_LH_SomMot_3'
49,b'7Networks_LH_SomMot_4'
50,b'7Networks_LH_SomMot_5'
51,b'7Networks_LH_SomMot_6'
52,b'7Networks_LH_SomMot_7'
53,b'7Networks_LH_SomMot_8'
54,b'7Networks_LH_SomMot_9'
55,b'7Networks_LH_SomMot_10'
56,b'7Networks_LH_SomMot_11'
57,b'7Networks_LH_SomMot_12'
58,b'7Networks_LH_SomMot_13'
59,b'7Networks_LH_SomMot_14'
60,b'7Networks_LH_SomMot_15'
61,b'7Networks_LH_SomMot_16'
62,b'7Networks_LH_SomMot_17'
63,b'7Networks_LH_SomMot_18'
64,b'7Networks_LH_SomMot_19'
65,b'7Networks_LH_SomMot_20'
66,b'7Networks_LH_SomMot_21'
67,b'7Networks_LH_SomMot_22'
68,b'7Networks_LH_SomMot_23'
69,b'7Networks_LH_SomMot_24'
70,b'7Networks_LH_SomMot_25'
71,b'7Networks_LH_SomMot_26'
72,b'7Networks_LH_SomMot_27'
73,b'7Networks_LH_SomMot_28'
74,b'7Networks_LH_SomMot_29'
75,b'7Networks_LH_SomMot_30'
76,b'7Networks_LH_SomMot_31'
77,b'7Networks_LH_SomMot_32'
78,b'7Networks_LH_SomMot_33'
79,b'7Networks_LH_SomMot_34'
80,b'7Networks_LH_SomMot_35'
81,b'7Networks_LH_SomMot_36'
82,b'7Networks_LH_SomMot_37'
83,b'7Networks_LH_SomMot_38'
84,b'7Networks_LH_SomMot_39'
85,b'7Networks_LH_SomMot_40'
86,b'7Networks_LH_SomMot_41'
87,b'7Networks_LH_SomMot_42'
88,b'7Networks_LH_SomMot_43'
89,b'7Networks_LH_SomMot_44'
90,b'7Networks_LH_SomMot_45'
91,b'7Networks_LH_SomMot_46'
92,b'7Networks_LH_SomMot_47'
93,b'7Networks_LH_SomMot_48'
94,b'7Networks_LH_SomMot_49'
95,b'7Networks_LH_SomMot_50'
96,b'7Networks_LH_SomMot_51'
97,b'7Networks_LH_SomMot_52'
98,b'7Networks_LH_SomMot_53'
99,b'7Networks_LH_SomMot_54'
100,b'7Networks_LH_SomMot_55'
101,b'7Networks_LH_SomMot_56'
102,b'7Networks_LH_DorsAttn_Post_1'
103,b'7Networks_LH_DorsAttn_Post_2'
104,b'7Networks_LH_DorsAttn_Post_3'
105,b'7Networks_LH_DorsAttn_Post_4'
106,b'7Networks_LH_DorsAttn_Post_5'
107,b'7Networks_LH_DorsAttn_Post_6'
108,b'7Networks_LH_DorsAttn_Post_7'
109,b'7Networks_LH_DorsAttn_Post_8'
110,b'7Networks_LH_DorsAttn_Post_9'
111,b'7Networks_LH_DorsAttn_Post_10'
112,b'7Networks_LH_DorsAttn_Post_11'
113,b'7Networks_LH_DorsAttn_Post_12'
114,b'7Networks_LH_DorsAttn_Post_13'
115,b'7Networks_LH_DorsAttn_Post_14'
116,b'7Networks_LH_DorsAttn_Post_15'
117,b'7Networks_LH_DorsAttn_Post_16'
118,b'7Networks_LH_DorsAttn_Post_17'
119,b'7Networks_LH_DorsAttn_Post_18'
120,b'7Networks_LH_DorsAttn_Post_19'
121,b'7Networks_LH_DorsAttn_Post_20'
122,b'7Networks_LH_DorsAttn_Post_21'
123,b'7Networks_LH_DorsAttn_Post_22'
124,b'7Networks_LH_DorsAttn_Post_23'
125,b'7Networks_LH_DorsAttn_Post_24'
126,b'7Networks_LH_DorsAttn_Post_25'
127,b'7Networks_LH_DorsAttn_Post_26'
128,b'7Networks_LH_DorsAttn_Post_27'
129,b'7Networks_LH_DorsAttn_Post_28'
130,b'7Networks_LH_DorsAttn_FEF_1'
131,b'7Networks_LH_DorsAttn_FEF_2'
132,b'7Networks_LH_DorsAttn_FEF_3'
133,b'7Networks_LH_DorsAttn_FEF_4'
134,b'7Networks_LH_DorsAttn_PrCv_1'
135,b'7Networks_LH_DorsAttn_PrCv_2'
136,b'7Networks_LH_DorsAttn_PrCv_3'
137,b'7Networks_LH_SalVentAttn_ParOper_1'
138,b'7Networks_LH_SalVentAttn_ParOper_2'
139,b'7Networks_LH_SalVentAttn_ParOper_3'
140,b'7Networks_LH_SalVentAttn_ParOper_4'
141,b'7Networks_LH_SalVentAttn_ParOper_5'
142,b'7Networks_LH_SalVentAttn_ParOper_6'
143,b'7Networks_LH_SalVentAttn_TempOcc_1'
144,b'7Networks_LH_SalVentAttn_FrOperIns_1'
145,b'7Networks_LH_SalVentAttn_FrOperIns_2'
146,b'7Networks_LH_SalVentAttn_FrOperIns_3'
147,b'7Networks_LH_SalVentAttn_FrOperIns_4'
148,b'7Networks_LH_SalVentAttn_FrOperIns_5'
149,b'7Networks_LH_SalVentAttn_FrOperIns_6'
150,b'7Networks_LH_SalVentAttn_FrOperIns_7'
151,b'7Networks_LH_SalVentAttn_FrOperIns_8'
152,b'7Networks_LH_SalVentAttn_FrOperIns_9'
153,b'7Networks_LH_SalVentAttn_FrOperIns_10'
154,b'7Networks_LH_SalVentAttn_FrOperIns_11'
155,b'7Networks_LH_SalVentAttn_PFCl_1'
156,b'7Networks_LH_SalVentAttn_PFCl_2'
157,b'7Networks_LH_SalVentAttn_Med_1'
158,b'7Networks_LH_SalVentAttn_Med_2'
159,b'7Networks_LH_SalVentAttn_Med_3'
160,b'7Networks_LH_SalVentAttn_Med_4'
161,b'7Networks_LH_SalVentAttn_Med_5'
162,b'7Networks_LH_SalVentAttn_Med_6'
163,b'7Networks_LH_SalVentAttn_Med_7'
164,b'7Networks_LH_SalVentAttn_Med_8'
165,b'7Networks_LH_SalVentAttn_Med_9'
166,b'7Networks_LH_SalVentAttn_Med_10'
167,b'7Networks_LH_SalVentAttn_Med_11'
168,b'7Networks_LH_SalVentAttn_Med_12'
169,b'7Networks_LH_SalVentAttn_Med_13'
170,b'7Networks_LH_SalVentAttn_Med_14'
171,b'7Networks_LH_Limbic_OFC_1'
172,b'7Networks_LH_Limbic_OFC_2'
173,b'7Networks_LH_Limbic_OFC_3'
174,b'7Networks_LH_Limbic_OFC_4'
175,b'7Networks_LH_Limbic_OFC_5'
176,b'7Networks_LH_Limbic_OFC_6'
177,b'7Networks_LH_Limbic_OFC_7'
178,b'7Networks_LH_Limbic_OFC_8'
179,b'7Networks_LH_Limbic_TempPole_1'
180,b'7Networks_LH_Limbic_TempPole_2'
181,b'7Networks_LH_Limbic_TempPole_3'
182,b'7Networks_LH_Limbic_TempPole_4'
183,b'7Networks_LH_Limbic_TempPole_5'
184,b'7Networks_LH_Limbic_TempPole_6'
185,b'7Networks_LH_Limbic_TempPole_7'
186,b'7Networks_LH_Limbic_TempPole_8'
187,b'7Networks_LH_Limbic_TempPole_9'
188,b'7Networks_LH_Limbic_TempPole_10'
189,b'7Networks_LH_Limbic_TempPole_11'
190,b'7Networks_LH_Limbic_TempPole_12'
191,b'7Networks_LH_Limbic_TempPole_13'
192,b'7Networks_LH_Limbic_TempPole_14'
193,b'7Networks_LH_Cont_Par_1'
194,b'7Networks_LH_Cont_Par_2'
195,b'7Networks_LH_Cont_Par_3'
196,b'7Networks_LH_Cont_Par_4'
197,b'7Networks_LH_Cont_Par_5'
198,b'7Networks_LH_Cont_Par_6'
199,b'7Networks_LH_Cont_Par_7'
200,b'7Networks_LH_Cont_Par_8'
201,b'7Networks_LH_Cont_Par_9'
202,b'7Networks_LH_Cont_Temp_1'
203,b'7Networks_LH_Cont_PFCd_1'
204,b'7Networks_LH_Cont_PFCd_2'
205,b'7Networks_LH_Cont_OFC_1'
206,b'7Networks_LH_Cont_PFCl_1'
207,b'7Networks_LH_Cont_PFCl_2'
208,b'7Networks_LH_Cont_PFCl_3'
209,b'7Networks_LH_Cont_PFCl_4'
210,b'7Networks_LH_Cont_PFCl_5'
211,b'7Networks_LH_Cont_PFCl_6'
212,b'7Networks_LH_Cont_PFCl_7'
213,b'7Networks_LH_Cont_PFCl_8'
214,b'7Networks_LH_Cont_PFCl_9'
215,b'7Networks_LH_Cont_PFCl_10'
216,b'7Networks_LH_Cont_PFCl_11'
217,b'7Networks_LH_Cont_PFCl_12'
218,b'7Networks_LH_Cont_PFCl_13'
219,b'7Networks_LH_Cont_PFCv_1'
220,b'7Networks_LH_Cont_PFCv_2'
221,b'7Networks_LH_Cont_pCun_1'
222,b'7Networks_LH_Cont_pCun_2'
223,b'7Networks_LH_Cont_Cing_1'
224,b'7Networks_LH_Cont_Cing_2'
225,b'7Networks_LH_Cont_Cing_3'
226,b'7Networks_LH_Cont_Cing_4'
227,b'7Networks_LH_Cont_PFCmp_1'
228,b'7Networks_LH_Cont_PFCmp_2'
229,b'7Networks_LH_Default_Temp_1'
230,b'7Networks_LH_Default_Temp_2'
231,b'7Networks_LH_Default_Temp_3'
232,b'7Networks_LH_Default_Temp_4'
233,b'7Networks_LH_Default_Temp_5'
234,b'7Networks_LH_Default_Temp_6'
235,b'7Networks_LH_Default_Temp_7'
236,b'7Networks_LH_Default_Temp_8'
237,b'7Networks_LH_Default_Temp_9'
238,b'7Networks_LH_Default_Temp_10'
239,b'7Networks_LH_Default_Temp_11'
240,b'7Networks_LH_Default_Temp_12'
241,b'7Networks_LH_Default_Par_1'
242,b'7Networks_LH_Default_Par_2'
243,b'7Networks_LH_Default_Par_3'
244,b'7Networks_LH_Default_Par_4'
245,b'7Networks_LH_Default_Par_5'
246,b'7Networks_LH_Default_Par_6'
247,b'7Networks_LH_Default_Par_7'
248,b'7Networks_LH_Default_Par_8'
249,b'7Networks_LH_Default_Par_9'
250,b'7Networks_LH_Default_Par_10'
251,b'7Networks_LH_Default_Par_11'
252,b'7Networks_LH_Default_Par_12'
253,b'7Networks_LH_Default_Par_13'
254,b'7Networks_LH_Default_PFC_1'
255,b'7Networks_LH_Default_PFC_2'
256,b'7Networks_LH_Default_PFC_3'
257,b'7Networks_LH_Default_PFC_4'
258,b'7Networks_LH_Default_PFC_5'
259,b'7Networks_LH_Default_PFC_6'
260,b'7Networks_LH_Default_PFC_7'
261,b'7Networks_LH_Default_PFC_8'
262,b'7Networks_LH_Default_PFC_9'
263,b'7Networks_LH_Default_PFC_10'
264,b'7Networks_LH_Default_PFC_11'
265,b'7Networks_LH_Default_PFC_12'
266,b'7Networks_LH_Default_PFC_13'
267,b'7Networks_LH_Default_PFC_14'
268,b'7Networks_LH_Default_PFC_15'
269,b'7Networks_LH_Default_PFC_16'
270,b'7Networks_LH_Default_PFC_17'
271,b'7Networks_LH_Default_PFC_18'
272,b'7Networks_LH_Default_PFC_19'
273,b'7Networks_LH_Default_PFC_20'
274,b'7Networks_LH_Default_PFC_21'
275,b'7Networks_LH_Default_PFC_22'
276,b'7Networks_LH_Default_PFC_23'
277,b'7Networks_LH_Default_PFC_24'
278,b'7Networks_LH_Default_PFC_25'
279,b'7Networks_LH_Default_PFC_26'
280,b'7Networks_LH_Default_PFC_27'
281,b'7Networks_LH_Default_PFC_28'
282,b'7Networks_LH_Default_PFC_29'
283,b'7Networks_LH_Default_pCunPCC_1'
284,b'7Networks_LH_Default_pCunPCC_2'
285,b'7Networks_LH_Default_pCunPCC_3'
286,b'7Networks_LH_Default_pCunPCC_4'
287,b'7Networks_LH_Default_pCunPCC_5'
288,b'7Networks_LH_Default_pCunPCC_6'
289,b'7Networks_LH_Default_pCunPCC_7'
290,b'7Networks_LH_Default_pCunPCC_8'
291,b'7Networks_LH_Default_pCunPCC_9'
292,b'7Networks_LH_Default_pCunPCC_10'
293,b'7Networks_LH_Default_pCunPCC_11'
294,b'7Networks_LH_Default_pCunPCC_12'
295,b'7Networks_LH_Default_pCunPCC_13'
296,b'7Networks_LH_Default_pCunPCC_14'
297,b'7Networks_LH_Default_pCunPCC_15'
298,b'7Networks_LH_Default_pCunPCC_16'
299,b'7Networks_LH_Default_pCunPCC_17'
300,b'7Networks_LH_Default_PHC_1'
301,b'7Networks_RH_Vis_1'
302,b'7Networks_RH_Vis_2'
303,b'7Networks_RH_Vis_3'
304,b'7Networks_RH_Vis_4'
305,b'7Networks_RH_Vis_5'
306,b'7Networks_RH_Vis_6'
307,b'7Networks_RH_Vis_7'
308,b'7Networks_RH_Vis_8'
309,b'7Networks_RH_Vis_9'
310,b'7Networks_RH_Vis_10'
311,b'7Networks_RH_Vis_11'
312,b'7Networks_RH_Vis_12'
313,b'7Networks_RH_Vis_13'
314,b'7Networks_RH_Vis_14'
315,b'7Networks_RH_Vis_15'
316,b'7Networks_RH_Vis_16'
317,b'7Networks_RH_Vis_17'
318,b'7Networks_RH_Vis_18'
319,b'7Networks_RH_Vis_19'
320,b'7Networks_RH_Vis_20'
321,b'7Networks_RH_Vis_21'
322,b'7Networks_RH_Vis_22'
323,b'7Networks_RH_Vis_23'
324,b'7Networks_RH_Vis_24'
325,b'7Networks_RH_Vis_25'
326,b'7Networks_RH_Vis_26'
327,b'7Networks_RH_Vis_27'
328,b'7Networks_RH_Vis_28'
329,b'7Networks_RH_Vis_29'
330,b'7Networks_RH_Vis_30'
331,b'7Networks_RH_Vis_31'
332,b'7Networks_RH_Vis_32'
333,b'7Networks_RH_Vis_33'
334,b'7Networks_RH_Vis_34'
335,b'7Networks_RH_Vis_35'
336,b'7Networks_RH_Vis_36'
337,b'7Networks_RH_Vis_37'
338,b'7Networks_RH_Vis_38'
339,b'7Networks_RH_Vis_39'
340,b'7Networks_RH_Vis_40'
341,b'7Networks_RH_Vis_41'
342,b'7Networks_RH_Vis_42'
343,b'7Networks_RH_Vis_43'
344,b'7Networks_RH_Vis_44'
345,b'7Networks_RH_SomMot_1'
346,b'7Networks_RH_SomMot_2'
347,b'7Networks_RH_SomMot_3'
348,b'7Networks_RH_SomMot_4'
349,b'7Networks_RH_SomMot_5'
350,b'7Networks_RH_SomMot_6'
351,b'7Networks_RH_SomMot_7'
352,b'7Networks_RH_SomMot_8'
353,b'7Networks_RH_SomMot_9'
354,b'7Networks_RH_SomMot_10'
355,b'7Networks_RH_SomMot_11'
356,b'7Networks_RH_SomMot_12'
357,b'7Networks_RH_SomMot_13'
358,b'7Networks_RH_SomMot_14'
359,b'7Networks_RH_SomMot_15'
360,b'7Networks_RH_SomMot_16'
361,b'7Networks_RH_SomMot_17'
362,b'7Networks_RH_SomMot_18'
363,b'7Networks_RH_SomMot_19'
364,b'7Networks_RH_SomMot_20'
365,b'7Networks_RH_SomMot_21'
366,b'7Networks_RH_SomMot_22'
367,b'7Networks_RH_SomMot_23'
368,b'7Networks_RH_SomMot_24'
369,b'7Networks_RH_SomMot_25'
370,b'7Networks_RH_SomMot_26'
371,b'7Networks_RH_SomMot_27'
372,b'7Networks_RH_SomMot_28'
373,b'7Networks_RH_SomMot_29'
374,b'7Networks_RH_SomMot_30'
375,b'7Networks_RH_SomMot_31'
376,b'7Networks_RH_SomMot_32'
377,b'7Networks_RH_SomMot_33'
378,b'7Networks_RH_SomMot_34'
379,b'7Networks_RH_SomMot_35'
380,b'7Networks_RH_SomMot_36'
381,b'7Networks_RH_SomMot_37'
382,b'7Networks_RH_SomMot_38'
383,b'7Networks_RH_SomMot_39'
384,b'7Networks_RH_SomMot_40'
385,b'7Networks_RH_SomMot_41'
386,b'7Networks_RH_SomMot_42'
387,b'7Networks_RH_SomMot_43'
388,b'7Networks_RH_SomMot_44'
389,b'7Networks_RH_SomMot_45'
390,b'7Networks_RH_SomMot_46'
391,b'7Networks_RH_SomMot_47'
392,b'7Networks_RH_SomMot_48'
393,b'7Networks_RH_SomMot_49'
394,b'7Networks_RH_SomMot_50'
395,b'7Networks_RH_SomMot_51'
396,b'7Networks_RH_SomMot_52'
397,b'7Networks_RH_SomMot_53'
398,b'7Networks_RH_SomMot_54'
399,b'7Networks_RH_SomMot_55'
400,b'7Networks_RH_SomMot_56'
401,b'7Networks_RH_DorsAttn_Post_1'
402,b'7Networks_RH_DorsAttn_Post_2'
403,b'7Networks_RH_DorsAttn_Post_3'
404,b'7Networks_RH_DorsAttn_Post_4'
405,b'7Networks_RH_DorsAttn_Post_5'
406,b'7Networks_RH_DorsAttn_Post_6'
407,b'7Networks_RH_DorsAttn_Post_7'
408,b'7Networks_RH_DorsAttn_Post_8'
409,b'7Networks_RH_DorsAttn_Post_9'
410,b'7Networks_RH_DorsAttn_Post_10'
411,b'7Networks_RH_DorsAttn_Post_11'
412,b'7Networks_RH_DorsAttn_Post_12'
413,b'7Networks_RH_DorsAttn_Post_13'
414,b'7Networks_RH_DorsAttn_Post_14'
415,b'7Networks_RH_DorsAttn_Post_15'
416,b'7Networks_RH_DorsAttn_Post_16'
417,b'7Networks_RH_DorsAttn_Post_17'
418,b'7Networks_RH_DorsAttn_Post_18'
419,b'7Networks_RH_DorsAttn_Post_19'
420,b'7Networks_RH_DorsAttn_Post_20'
421,b'7Networks_RH_DorsAttn_Post_21'
422,b'7Networks_RH_DorsAttn_Post_22'
423,b'7Networks_RH_DorsAttn_Post_23'
424,b'7Networks_RH_DorsAttn_Post_24'
425,b'7Networks_RH_DorsAttn_Post_25'
426,b'7Networks_RH_DorsAttn_Post_26'
427,b'7Networks_RH_DorsAttn_Post_27'
428,b'7Networks_RH_DorsAttn_Post_28'
429,b'7Networks_RH_DorsAttn_Post_29'
430,b'7Networks_RH_DorsAttn_Post_30'
431,b'7Networks_RH_DorsAttn_Post_31'
432,b'7Networks_RH_DorsAttn_FEF_1'
433,b'7Networks_RH_DorsAttn_FEF_2'
434,b'7Networks_RH_DorsAttn_FEF_3'
435,b'7Networks_RH_DorsAttn_FEF_4'
436,b'7Networks_RH_DorsAttn_PrCv_1'
437,b'7Networks_RH_DorsAttn_PrCv_2'
438,b'7Networks_RH_SalVentAttn_TempOccPar_1'
439,b'7Networks_RH_SalVentAttn_TempOccPar_2'
440,b'7Networks_RH_SalVentAttn_TempOccPar_3'
441,b'7Networks_RH_SalVentAttn_TempOccPar_4'
442,b'7Networks_RH_SalVentAttn_TempOccPar_5'
443,b'7Networks_RH_SalVentAttn_TempOccPar_6'
444,b'7Networks_RH_SalVentAttn_TempOccPar_7'
445,b'7Networks_RH_SalVentAttn_TempOccPar_8'
446,b'7Networks_RH_SalVentAttn_TempOccPar_9'
447,b'7Networks_RH_SalVentAttn_TempOccPar_10'
448,b'7Networks_RH_SalVentAttn_TempOccPar_11'
449,b'7Networks_RH_SalVentAttn_TempOccPar_12'
450,b'7Networks_RH_SalVentAttn_PrC_1'
451,b'7Networks_RH_SalVentAttn_FrOperIns_1'
452,b'7Networks_RH_SalVentAttn_FrOperIns_2'
453,b'7Networks_RH_SalVentAttn_FrOperIns_3'
454,b'7Networks_RH_SalVentAttn_FrOperIns_4'
455,b'7Networks_RH_SalVentAttn_FrOperIns_5'
456,b'7Networks_RH_SalVentAttn_FrOperIns_6'
457,b'7Networks_RH_SalVentAttn_FrOperIns_7'
458,b'7Networks_RH_SalVentAttn_FrOperIns_8'
459,b'7Networks_RH_SalVentAttn_FrOperIns_9'
460,b'7Networks_RH_SalVentAttn_FrOperIns_10'
461,b'7Networks_RH_SalVentAttn_FrOperIns_11'
462,b'7Networks_RH_SalVentAttn_FrOperIns_12'
463,b'7Networks_RH_SalVentAttn_PFCl_1'
464,b'7Networks_RH_SalVentAttn_Med_1'
465,b'7Networks_RH_SalVentAttn_Med_2'
466,b'7Networks_RH_SalVentAttn_Med_3'
467,b'7Networks_RH_SalVentAttn_Med_4'
468,b'7Networks_RH_SalVentAttn_Med_5'
469,b'7Networks_RH_SalVentAttn_Med_6'
470,b'7Networks_RH_SalVentAttn_Med_7'
471,b'7Networks_RH_SalVentAttn_Med_8'
472,b'7Networks_RH_SalVentAttn_Med_9'
473,b'7Networks_RH_SalVentAttn_Med_10'
474,b'7Networks_RH_SalVentAttn_Med_11'
475,b'7Networks_RH_SalVentAttn_Med_12'
476,b'7Networks_RH_SalVentAttn_Med_13'
477,b'7Networks_RH_Limbic_OFC_1'
478,b'7Networks_RH_Limbic_OFC_2'
479,b'7Networks_RH_Limbic_OFC_3'
480,b'7Networks_RH_Limbic_OFC_4'
481,b'7Networks_RH_Limbic_OFC_5'
482,b'7Networks_RH_Limbic_OFC_6'
483,b'7Networks_RH_Limbic_OFC_7'
484,b'7Networks_RH_Limbic_OFC_8'
485,b'7Networks_RH_Limbic_OFC_9'
486,b'7Networks_RH_Limbic_TempPole_1'
487,b'7Networks_RH_Limbic_TempPole_2'
488,b'7Networks_RH_Limbic_TempPole_3'
489,b'7Networks_RH_Limbic_TempPole_4'
490,b'7Networks_RH_Limbic_TempPole_5'
491,b'7Networks_RH_Limbic_TempPole_6'
492,b'7Networks_RH_Limbic_TempPole_7'
493,b'7Networks_RH_Limbic_TempPole_8'
494,b'7Networks_RH_Limbic_TempPole_9'
495,b'7Networks_RH_Limbic_TempPole_10'
496,b'7Networks_RH_Limbic_TempPole_11'
497,b'7Networks_RH_Cont_Par_1'
498,b'7Networks_RH_Cont_Par_2'
499,b'7Networks_RH_Cont_Par_3'
500,b'7Networks_RH_Cont_Par_4'
501,b'7Networks_RH_Cont_Par_5'
502,b'7Networks_RH_Cont_Par_6'
503,b'7Networks_RH_Cont_Par_7'
504,b'7Networks_RH_Cont_Par_8'
505,b'7Networks_RH_Cont_Par_9'
506,b'7Networks_RH_Cont_Temp_1'
507,b'7Networks_RH_Cont_Temp_2'
508,b'7Networks_RH_Cont_PFCv_1'
509,b'7Networks_RH_Cont_PFCl_1'
510,b'7Networks_RH_Cont_PFCl_2'
511,b'7Networks_RH_Cont_PFCl_3'
512,b'7Networks_RH_Cont_PFCl_4'
513,b'7Networks_RH_Cont_PFCl_5'
514,b'7Networks_RH_Cont_PFCl_6'
515,b'7Networks_RH_Cont_PFCl_7'
516,b'7Networks_RH_Cont_PFCl_8'
517,b'7Networks_RH_Cont_PFCl_9'
518,b'7Networks_RH_Cont_PFCl_10'
519,b'7Networks_RH_Cont_PFCl_11'
520,b'7Networks_RH_Cont_PFCl_12'
521,b'7Networks_RH_Cont_PFCl_13'
522,b'7Networks_RH_Cont_PFCl_14'
523,b'7Networks_RH_Cont_PFCl_15'
524,b'7Networks_RH_Cont_PFCl_16'
525,b'7Networks_RH_Cont_PFCl_17'
526,b'7Networks_RH_Cont_PFCl_18'
527,b'7Networks_RH_Cont_PFCl_19'
528,b'7Networks_RH_Cont_PFCl_20'
529,b'7Networks_RH_Cont_PFCl_21'
530,b'7Networks_RH_Cont_PFCl_22'
531,b'7Networks_RH_Cont_PFCl_23'
532,b'7Networks_RH_Cont_PFCl_24'
533,b'7Networks_RH_Cont_PFCl_25'
534,b'7Networks_RH_Cont_pCun_1'
535,b'7Networks_RH_Cont_pCun_2'
536,b'7Networks_RH_Cont_Cing_1'
537,b'7Networks_RH_Cont_Cing_2'
538,b'7Networks_RH_Cont_Cing_3'
539,b'7Networks_RH_Cont_Cing_4'
540,b'7Networks_RH_Cont_PFCmp_1'
541,b'7Networks_RH_Cont_PFCmp_2'
542,b'7Networks_RH_Cont_PFCmp_3'
543,b'7Networks_RH_Default_Par_1'
544,b'7Networks_RH_Default_Par_2'
545,b'7Networks_RH_Default_Par_3'
546,b'7Networks_RH_Default_Par_4'
547,b'7Networks_RH_Default_Par_5'
548,b'7Networks_RH_Default_Par_6'
549,b'7Networks_RH_Default_Par_7'
550,b'7Networks_RH_Default_Par_8'
551,b'7Networks_RH_Default_Temp_1'
552,b'7Networks_RH_Default_Temp_2'
553,b'7Networks_RH_Default_Temp_3'
554,b'7Networks_RH_Default_Temp_4'
555,b'7Networks_RH_Default_Temp_5'
556,b'7Networks_RH_Default_Temp_6'
557,b'7Networks_RH_Default_Temp_7'
558,b'7Networks_RH_Default_Temp_8'
559,b'7Networks_RH_Default_Temp_9'
560,b'7Networks_RH_Default_Temp_10'
561,b'7Networks_RH_Default_Temp_11'
562,b'7Networks_RH_Default_PFCv_1'
563,b'7Networks_RH_Default_PFCv_2'
564,b'7Networks_RH_Default_PFCv_3'
565,b'7Networks_RH_Default_PFCv_4'
566,b'7Networks_RH_Default_PFCv_5'
567,b'7Networks_RH_Default_PFCv_6'
568,b'7Networks_RH_Default_PFCdPFCm_1'
569,b'7Networks_RH_Default_PFCdPFCm_2'
570,b'7Networks_RH_Default_PFCdPFCm_3'
571,b'7Networks_RH_Default_PFCdPFCm_4'
572,b'7Networks_RH_Default_PFCdPFCm_5'
573,b'7Networks_RH_Default_PFCdPFCm_6'
574,b'7Networks_RH_Default_PFCdPFCm_7'
575,b'7Networks_RH_Default_PFCdPFCm_8'
576,b'7Networks_RH_Default_PFCdPFCm_9'
577,b'7Networks_RH_Default_PFCdPFCm_10'
578,b'7Networks_RH_Default_PFCdPFCm_11'
579,b'7Networks_RH_Default_PFCdPFCm_12'
580,b'7Networks_RH_Default_PFCdPFCm_13'
581,b'7Networks_RH_Default_PFCdPFCm_14'
582,b'7Networks_RH_Default_PFCdPFCm_15'
583,b'7Networks_RH_Default_PFCdPFCm_16'
584,b'7Networks_RH_Default_PFCdPFCm_17'
585,b'7Networks_RH_Default_PFCdPFCm_18'
586,b'7Networks_RH_Default_PFCdPFCm_19'
587,b'7Networks_RH_Default_pCunPCC_1'
588,b'7Networks_RH_Default_pCunPCC_2'
589,b'7Networks_RH_Default_pCunPCC_3'
590,b'7Networks_RH_Default_pCunPCC_4'
591,b'7Networks_RH_Default_pCunPCC_5'
592,b'7Networks_RH_Default_pCunPCC_6'
593,b'7Networks_RH_Default_pCunPCC_7'
594,b'7Networks_RH_Default_pCunPCC_8'
595,b'7Networks_RH_Default_pCunPCC_9'
596,b'7Networks_RH_Default_pCunPCC_10'
597,b'7Networks_RH_Default_pCunPCC_11'
598,b'7Networks_RH_Default_pCunPCC_12'
599,b'7Networks_RH_Default_pCunPCC_13'
600,b'7Networks_RH_Default_pCunPCC_14'
